symbol,member_from,member_until_exclusive,in_snapshot,touched_by_anomaly
360ONE,,2026-09-30,1,0
3MINDIA,,2026-09-30,1,0
8KMILES,2016-04-01,2019-03-29,0,0
AADHARHFC,2024-09-30,2026-09-30,1,0
AARTIDRUGS,2016-04-01,2016-09-30,0,0
AARTIDRUGS,2020-09-25,2024-03-28,0,0
AARTIIND,2023-03-31,2026-09-30,1,1
AARTIIND,,2022-05-04,1,1
AAVAS,2019-03-29,2026-09-30,1,0
ABAN,,2018-09-28,0,0
ABB,2020-06-26,2026-09-30,1,0
ABB,,2019-09-27,1,0
ABBOTINDIA,2019-09-27,2026-09-30,1,0
ABCAPITAL,2018-04-02,2026-09-30,1,0
ABDL,2026-03-30,2026-09-30,1,0
ABFRL,2016-04-01,2026-09-30,1,0
ABGSHIP,,2016-09-30,0,0
ABIRLANUVO,2016-09-30,2017-05-26,0,0
ABIRLANUVO,,2015-10-19,0,0
ABLBL,2025-09-30,2026-09-30,1,0
ABREL,,2026-09-30,1,0
ABSLAMC,2022-03-31,2023-03-31,1,0
ABSLAMC,2024-09-30,2026-09-30,1,0
ACC,,2026-09-30,1,0
ACE,2024-03-28,2026-09-30,1,0
ACI,2023-03-31,2025-03-28,0,0
ACMESOLAR,2025-03-28,2026-09-30,1,0
ACUTAAS,2026-03-30,2026-09-30,1,0
ADANIENSOL,,2026-09-30,1,0
ADANIENT,2016-04-01,2018-04-02,1,0
ADANIENT,2020-09-25,2026-09-30,1,0
ADANIGREEN,2018-12-28,2026-09-30,1,0
ADANIPORTS,,2026-09-30,1,0
ADANIPOWER,2015-09-28,2020-09-25,1,0
ADANIPOWER,2023-03-31,2026-09-30,1,0
ADLABS,2015-09-28,2016-04-01,0,0
ADVANTA,,2016-04-29,0,0
ADVENZYMES,2017-01-23,2022-09-30,0,0
AEGISLOG,,2026-09-30,1,0
AEGISVOPAK,2025-09-30,2026-09-30,1,0
AETHER,2022-09-30,2024-09-30,0,0
AFCONS,2025-03-28,2026-09-30,1,0
AFFLE,2019-12-26,2026-09-30,1,0
AGARWALEYE,2025-09-30,2026-03-30,0,0
AHLUCONT,2016-04-01,2018-04-02,0,0
AIAENG,,2026-09-30,1,0
AIIL,2025-03-28,2026-09-30,1,0
AJANTPHARM,,2026-09-30,1,0
AKUMS,2024-10-16,2026-03-30,0,0
AKZOINDIA,,2021-09-30,0,1
ALEMBICLTD,2020-09-25,2022-03-31,0,0
ALEMBICLTD,,2011-04-11,0,0
ALIVUS,2025-03-28,2025-09-30,0,0
ALKEM,2016-09-30,2026-09-30,1,0
ALKYLAMINE,2020-06-26,2026-03-30,0,0
ALLCARGO,2022-03-31,2022-12-30,0,0
ALLCARGO,2023-09-29,2024-09-30,0,0
ALLCARGO,,2020-11-02,0,0
ALOKINDS,2020-09-25,2023-03-31,0,0
ALOKINDS,2023-09-29,2026-03-30,0,0
ALOKTEXT,,2017-03-31,0,0
AMBER,2019-09-27,2026-09-30,1,0
AMBUJACEM,,2026-09-30,1,0
AMTEKAUTO,,2017-09-29,0,0
ANANDRATHI,2024-03-28,2026-09-30,1,0
ANANTRAJ,2024-09-30,2026-09-30,1,0
ANANTRAJ,,2017-09-29,1,0
ANGELONE,2021-03-31,2026-09-30,1,0
ANSALAPI,,2015-09-28,0,0
ANTHEM,2026-03-30,2026-09-30,1,0
ANURAS,2021-09-30,2024-09-30,1,0
ANURAS,2026-03-30,2026-09-30,1,0
APARINDS,2023-03-31,2026-09-30,1,0
APARINDS,,2018-04-02,1,0
APLAPOLLO,2016-09-30,2026-09-30,1,0
APLLTD,,2026-03-30,0,0
APOLLOHOSP,,2026-09-30,1,0
APOLLOTYRE,,2026-09-30,1,0
APTUS,2022-03-31,2026-09-30,1,0
ARE&M,,2026-09-30,1,0
AREVAT&D,,2011-12-14,0,0
ARVIND,2015-12-14,2018-06-29,0,0
ARVIND,,2015-02-23,0,0
ARVINDFASN,2019-09-27,2020-09-14,0,0
ASAHIINDIA,2017-01-23,2017-09-29,1,1
ASAHIINDIA,2018-04-02,2020-09-14,1,1
ASAHIINDIA,2021-03-31,2026-09-30,1,1
ASAHIINDIA,,2016-04-01,1,1
ASHIANA,2016-04-01,2016-09-30,0,0
ASHOKA,,2022-03-31,0,0
ASHOKLEY,,2026-09-30,1,0
ASIANPAINT,,2026-09-30,1,0
ASTERDM,2018-06-29,2026-09-30,1,0
ASTRAL,,2026-09-30,1,0
ASTRAZEN,2019-03-29,2023-03-31,0,0
ASTRAZEN,2024-03-28,2026-03-30,0,0
ASTRAZEN,,2018-04-02,0,0
ATFL,,2016-04-01,0,0
ATGL,,2026-09-30,1,0
ATHERENERG,2025-09-30,2026-09-30,1,0
ATUL,,2026-09-30,1,0
AUBANK,2017-11-13,2026-09-30,1,0
AUROPHARMA,,2026-09-30,1,0
AUTOAXLES,,2016-04-01,0,0
AVANTIFEED,2016-04-01,2025-03-28,0,0
AWL,2022-09-30,2026-09-30,1,0
AXISBANK,,2026-09-30,1,0
BAJAJ-AUTO,,2026-09-30,1,0
BAJAJCON,,2022-03-31,0,0
BAJAJELEC,,2023-04-28,0,0
BAJAJFINSV,,2026-09-30,1,0
BAJAJHFL,2025-03-28,2026-09-30,1,0
BAJAJHIND,,2018-09-28,0,0
BAJAJHLDNG,,2026-09-30,1,0
BAJFINANCE,,2026-09-30,1,0
BALAMINES,2021-03-31,2025-03-28,0,0
BALKRISIND,2015-09-28,2026-09-30,1,0
BALLARPUR,,2018-09-28,0,0
BALMLAWRIE,,2021-09-30,0,0
BALRAMCHIN,,2026-09-30,1,0
BANDHANBNK,2018-09-28,2026-09-30,1,0
BANKBARODA,,2026-09-30,1,0
BANKINDIA,,2026-09-30,1,0
BASF,2024-09-30,2026-03-30,0,0
BASF,,2023-09-29,0,0
BATAINDIA,,2026-09-30,1,0
BAYERCROP,2019-09-27,2026-09-30,1,0
BBTC,,2026-09-30,1,0
BCG,2022-03-31,2024-03-28,0,0
BDL,2018-08-08,2026-09-30,1,0
BEL,,2026-09-30,1,0
BELRISE,2026-03-30,2026-09-30,1,0
BEML,2022-12-30,2026-09-30,1,0
BEML,,2022-04-12,1,0
BERGEPAINT,,2026-09-30,1,0
BFUTILITIE,,2018-09-28,0,0
BGRENERGY,2016-04-01,2018-09-28,0,0
BGRENERGY,,2015-09-28,0,0
BHARATFIN,,2018-12-28,0,0
BHARATFORG,,2026-09-30,1,0
BHARATRAS,2020-06-26,2022-03-31,0,0
BHARATRAS,2022-09-30,2023-03-31,0,0
BHARTIARTL,,2026-09-30,1,0
BHARTIHEXA,2024-09-30,2026-09-30,1,0
BHEL,,2026-09-30,1,0
BHUSANSTL,,2018-09-28,0,0
BIKAJI,2023-03-31,2026-09-30,1,0
BINDALAGRO,,2016-04-01,0,0
BIOCON,,2026-09-30,1,0
BIRLACORPN,,2025-03-28,0,0
BLISSGVS,2016-04-01,2021-09-30,0,0
BLS,2023-03-31,2026-09-30,1,0
BLUEDART,,2026-09-30,1,0
BLUEJET,2025-09-30,2026-09-30,1,0
BLUESTARCO,,2026-09-30,1,0
BOMDYEING,,2021-03-31,0,0
BORORENEW,2022-03-31,2024-09-30,0,0
BOSCHLTD,,2026-09-30,1,0
BPCL,,2026-09-30,1,0
BRFL,2016-04-01,2017-03-31,0,0
BRFL,2017-09-29,2018-09-28,0,0
BRIGADE,2017-09-29,2026-09-30,1,0
BRIGADE,,2017-03-31,1,0
BRITANNIA,,2026-09-30,1,0
BSE,2017-09-29,2026-09-30,1,0
BSOFT,2019-09-27,2026-09-30,1,0
CAIRN,,2016-11-15,0,0
CAMLINFINE,2015-09-28,2016-04-01,0,0
CAMPUS,2022-08-08,2026-03-30,0,0
CAMS,2021-03-31,2026-09-30,1,0
CANBK,,2026-09-30,1,0
CANFINHOME,,2026-09-30,1,0
CANHLIFE,2026-03-30,2026-09-30,1,0
CAPF,,2018-12-28,0,0
CAPLIPOINT,2016-04-01,2023-03-31,1,0
CAPLIPOINT,2024-03-28,2026-09-30,1,0
CARBORUNIV,2016-09-30,2026-09-30,1,0
CARBORUNIV,,2016-04-01,1,0
CARERATING,,2021-03-31,0,0
CAROLINFO,,2012-03-09,0,0
CARTRADE,2026-03-30,2026-09-30,1,0
CASTEXTECH,,2016-09-30,0,0
CASTROLIND,,2026-09-30,1,0
CCL,2016-04-01,2026-09-30,1,0
CDSL,2018-04-02,2026-09-30,1,0
CEATLTD,,2026-09-30,1,0
CELLO,2024-03-28,2025-03-28,0,0
CEMPRO,2026-03-30,2026-09-30,1,0
CENTENKA,,2016-04-01,0,0
CENTRALBK,,2026-09-30,1,0
CENTURYPLY,,2026-03-30,0,0
CENTURYTEX,,2018-12-28,0,1
CERA,2016-04-01,2026-03-30,0,0
CESC,2019-03-29,2026-09-30,1,0
CESC,,2018-02-05,1,0
CGCL,2019-09-27,2022-03-31,1,0
CGCL,2022-04-12,2026-09-30,1,0
CGPOWER,2021-09-30,2026-09-30,1,0
CGPOWER,,2019-12-26,1,0
CHALET,2019-06-28,2020-06-26,1,0
CHALET,2020-09-25,2026-09-30,1,0
CHAMBLFERT,,2026-09-30,1,0
CHEMPLASTS,2022-03-31,2025-03-28,0,0
CHENNPETRO,2024-03-28,2026-09-30,1,0
CHENNPETRO,,2021-03-31,1,0
CHOICEIN,2025-09-30,2026-09-30,1,0
CHOLAFIN,,2026-09-30,1,0
CHOLAHLDNG,,2026-09-30,1,0
CIEINDIA,2026-05-12,2026-09-30,1,0
CIEINDIA,,2025-03-28,1,0
CIPLA,,2026-09-30,1,0
CLEAN,2022-03-31,2026-09-30,1,0
CLNINDIA,,2016-09-30,0,0
COALINDIA,2011-04-11,2026-09-30,1,0
COCHINSHIP,2018-02-05,2026-09-30,1,0
COFFEEDAY,2016-09-30,2019-12-26,0,0
COFORGE,,2026-09-30,1,0
COHANCE,,2026-09-30,1,0
COLPAL,,2026-09-30,1,0
CONCOR,,2026-09-30,1,0
CONCORDBIO,2023-10-26,2026-09-30,1,0
COROMANDEL,,2026-09-30,1,0
CORPBANK,,2018-04-02,0,1
COX&KINGS,2019-03-29,2019-12-26,0,0
COX&KINGS,,2018-06-29,0,0
CPPLUS,2026-03-30,2026-09-30,1,0
CRAFTSMAN,2023-03-31,2026-09-30,1,0
CREDITACC,2019-01-28,2026-09-30,1,0
CRISIL,,2026-09-30,1,0
CROMPGREAV,,2015-09-28,0,1
CROMPTON,2016-11-15,2026-09-30,1,0
CSBBANK,2020-06-26,2024-09-30,0,0
CUB,,2026-09-30,1,0
CUMMINSIND,,2026-09-30,1,0
CYIENT,,2026-09-30,1,0
DABUR,,2026-09-30,1,0
DALBHARAT,2019-06-28,2026-09-30,1,0
DALMIABHA,2016-04-01,2018-04-02,0,0
DATAPATTNS,2023-03-31,2026-09-30,1,0
DBCORP,,2021-03-31,0,0
DBL,2017-03-31,2023-03-31,0,0
DBREALTY,2024-09-30,2026-03-30,0,0
DBREALTY,,2018-09-28,0,0
DCAL,2018-04-02,2021-09-30,0,0
DCBBANK,,2022-03-31,0,0
DCHL,,2013-01-23,0,0
DCMSHRIRAM,2025-03-28,2026-09-30,1,0
DCMSHRIRAM,,2024-09-30,1,0
DEEPAKFERT,2022-09-30,2026-09-30,1,0
DEEPAKFERT,,2019-09-27,1,0
DEEPAKNTR,2019-03-29,2026-09-30,1,0
DELHIVERY,2022-08-08,2026-09-30,1,0
DELTACORP,,2024-03-28,0,0
DEN,2019-09-27,2019-12-27,0,0
DEN,,2019-03-29,0,0
DENABANK,,2019-01-28,0,0
DEVYANI,2022-03-31,2026-09-30,1,0
DHANBANK,,2016-04-01,0,0
DHANI,,2023-03-31,0,0
DHANUKA,2016-04-01,2018-04-02,0,0
DHANUKA,2020-06-26,2022-03-31,0,0
DHFL,,2020-06-26,0,0
DISHMAN,,2017-01-23,0,0
DISHTV,2016-04-01,2021-09-30,0,1
DIVISLAB,,2026-09-30,1,0
DIXON,2018-04-02,2026-09-30,1,0
DLF,,2026-09-30,1,0
DMART,2017-09-29,2026-09-30,1,0
DOMS,2024-03-28,2026-09-30,1,0
DREDGECORP,,2019-03-29,0,0
DRREDDY,,2026-09-30,1,0
DUMMYHEG,,2026-09-30,1,0
DYNAMATECH,2015-02-02,2017-03-31,0,0
EASEMYTRIP,2022-03-31,2025-03-28,0,0
ECLERX,,2026-09-30,1,0
EDELWEISS,,2023-04-28,0,0
EICHERMOT,,2026-09-30,1,0
EIDPARRY,,2026-09-30,1,0
EIHOTEL,,2026-09-30,1,0
ELECON,2024-03-28,2026-09-30,1,0
ELECTCAST,,2016-09-30,0,0
ELGIEQUIP,2018-09-28,2026-09-30,1,0
ELGIEQUIP,,2016-09-30,1,0
EMAMILTD,,2026-09-30,1,0
EMCURE,2024-10-10,2026-09-30,1,0
EMMVEE,2026-03-30,2026-09-30,1,0
ENDURANCE,2017-03-31,2026-09-30,1,0
ENGINERSIN,,2026-09-30,1,0
ENIL,,2016-04-01,0,0
ENRIN,2025-09-30,2026-09-30,1,0
EPIGRAL,,2024-03-28,0,0
EPL,,2024-09-30,0,0
EQUITAS,2016-09-30,2022-09-30,0,0
EQUITASBNK,2021-09-30,2025-03-28,0,0
ERIS,2018-04-02,2022-09-30,1,1
ERIS,2023-04-28,2026-09-30,1,1
EROSMEDIA,,2019-03-29,0,0
ESABINDIA,2020-06-26,2021-03-31,0,0
ESABINDIA,,2016-04-01,0,0
ESCORTS,,2026-09-30,1,0
ESSARSHIP,,2011-05-18,0,0
ESSDEE,,2016-09-30,0,0
ESSELPACK,,2018-04-02,0,1
ETERNAL,2022-03-31,2026-09-30,1,0
EVEREADY,2015-09-28,2019-03-29,0,0
EXCELCROP,2018-09-28,2019-04-15,0,0
EXIDEIND,,2026-09-30,1,0
FACT,2021-09-30,2026-09-30,1,0
FCONSUMER,,2021-09-30,0,0
FDC,2018-09-28,2024-09-30,0,0
FDC,,2017-09-29,0,0
FEDERALBNK,,2026-09-30,1,0
FINANTECH,,2016-09-30,0,0
FINCABLES,,2026-09-30,1,0
FINEORG,2019-03-29,2025-03-28,0,0
FINPIPE,,2026-03-30,0,0
FIRSTCRY,2025-03-28,2026-09-30,1,0
FIVESTAR,2023-03-31,2026-09-30,1,0
FLEXITUFF,,2016-04-01,0,0
FLFL,2015-09-28,2017-03-31,0,0
FLFL,2017-09-29,2020-06-26,0,0
FLUOROCHEM,2020-06-26,2026-09-30,1,0
FMGOETZE,2017-03-31,2017-09-29,0,0
FMGOETZE,2019-09-27,2020-06-26,0,0
FMGOETZE,,2016-04-01,0,0
FORCEMOT,2025-09-30,2026-09-30,1,0
FORTIS,2018-12-28,2026-09-30,1,0
FORTIS,,2018-02-05,1,0
FRETAIL,2017-03-31,2017-10-30,0,1
FRETAIL,2018-06-29,2022-03-31,0,1
FRL,,2015-12-14,0,0
FSL,,2026-09-30,1,0
GABRIEL,2026-03-30,2026-09-30,1,0
GABRIEL,,2016-04-01,1,0
GAEL,2020-09-25,2025-03-28,0,0
GAIL,,2026-09-30,1,0
GALAXYSURF,2018-09-28,2024-03-28,0,0
GALLANTT,2026-03-30,2026-09-30,1,0
GAMMNINFRA,,2016-04-01,0,0
GAMMONIND,,2015-09-28,0,0
GARFIBRES,2019-09-27,2023-09-29,0,0
GATI,,2018-09-28,0,0
GAYAPROJ,2015-12-14,2017-11-20,0,0
GAYAPROJ,2018-09-28,2020-06-26,0,0
GDL,,2019-09-27,0,0
GEOJITBNPP,,2016-04-01,0,0
GEOMETRIC,,2016-04-01,0,0
GEPIL,,2021-09-30,0,0
GESHIP,,2026-09-30,1,0
GHCL,2017-03-31,2021-04-29,0,0
GHCL,,2016-04-01,0,0
GICRE,2018-04-02,2026-09-30,1,0
GILLETTE,2023-09-29,2026-09-30,1,0
GILLETTE,,2022-03-31,1,0
GIPCL,,2016-04-01,0,0
GITANJALI,,2016-04-01,0,0
GLAND,2021-06-30,2026-09-30,1,0
GLAXO,,2026-09-30,1,0
GLENMARK,,2026-09-30,1,0
GLOBOFFS,2016-04-01,2016-09-30,0,0
GLS,2022-03-31,2022-09-30,0,0
GLS,2023-09-29,2024-09-30,0,0
GMDCLTD,2024-03-28,2026-09-30,1,0
GMDCLTD,,2021-03-31,1,0
GMMPFAUDLR,2020-06-26,2024-09-30,0,0
GMRAIRPORT,2022-05-04,2026-09-30,1,0
GMRAIRPORT,,2021-10-29,1,0
GNFC,2017-03-31,2025-09-30,0,0
GOCOLORS,2022-03-31,2024-03-28,0,0
GODFRYPHLP,,2026-09-30,1,0
GODIGIT,2024-09-30,2026-09-30,1,0
GODREJAGRO,2018-04-02,2023-09-29,0,0
GODREJAGRO,2024-09-30,2026-03-30,0,0
GODREJCP,,2026-09-30,1,0
GODREJIND,,2026-09-30,1,0
GODREJPROP,2011-03-25,2026-09-30,1,0
GPIL,2023-09-29,2026-09-30,1,0
GPPL,,2025-09-30,0,0
GRANULES,2016-04-01,2026-09-30,1,0
GRAPHITE,2018-04-02,2026-09-30,1,0
GRAPHITE,,2016-04-01,1,0
GRASIM,2018-04-02,2026-09-30,1,0
GRASIM,,2017-05-26,1,0
GRAVITA,2025-03-28,2026-09-30,1,0
GREAVESCOT,,2022-03-31,0,0
GREENPANEL,2022-09-30,2023-09-29,0,0
GREENPLY,2016-04-01,2019-03-29,0,0
GRINDWELL,2016-04-01,2017-09-29,0,0
GRINDWELL,2018-09-28,2025-03-28,0,0
GRINFRA,2022-03-31,2024-03-28,0,0
GRINFRA,2024-09-30,2025-03-28,0,0
GROWW,2026-03-30,2026-09-30,1,0
GRSE,2020-06-26,2021-09-30,1,0
GRSE,2024-03-28,2026-09-30,1,0
GRUH,,2019-09-27,0,0
GSFC,,2025-03-28,0,0
GSKCONS,,2019-09-27,0,0
GSPL,,2026-05-12,0,0
GTLINFRA,,2016-04-01,0,0
GUJALKALI,2017-03-31,2024-03-28,0,0
GUJALKALI,,2016-04-01,0,0
GUJFLUORO,,2019-06-28,0,0
GUJGASLTD,2016-04-01,2026-03-30,0,0
GUJNRECOKE,,2015-09-28,0,0
GUJRATGAS,,2015-02-02,0,0
GULFOILLUB,2016-04-29,2021-09-30,0,0
GULFOILLUB,,2016-04-01,0,0
GVKPIL,,2019-03-29,0,0
GVT&D,2024-09-30,2026-09-30,1,0
GVT&D,,2020-09-25,1,0
HAL,2018-09-28,2026-09-30,1,0
HAPPSTMNDS,2021-03-31,2026-03-30,0,0
HAPPYFORGE,2024-03-28,2024-09-30,0,0
HATHWAY,2020-06-26,2021-03-31,0,0
HATHWAY,2021-09-30,2022-09-30,0,0
HATHWAY,,2019-12-27,0,0
HATSUN,2018-02-05,2023-03-31,0,0
HAVELLS,,2026-09-30,1,0
HBLENGINE,2024-03-28,2026-09-30,1,0
HCC,,2019-03-29,0,0
HCL-INSYS,,2019-03-29,0,0
HCLTECH,,2026-09-30,1,0
HDBFS,2026-03-30,2026-09-30,1,0
HDFC,,2023-07-13,0,0
HDFCAMC,2019-03-29,2026-09-30,1,0
HDFCBANK,,2026-09-30,1,0
HDFCLIFE,2018-09-28,2026-09-30,1,0
HDIL,,2018-09-28,0,0
HEG,,2016-04-01,0,1
HEGAM,,2026-09-30,1,0
HEIDELBERG,2016-04-01,2022-03-31,0,0
HEMIPROP,2021-03-31,2022-09-30,0,0
HERITGFOOD,2017-09-29,2021-03-31,0,0
HERITGFOOD,,2016-04-01,0,0
HEROMOTOCO,,2026-09-30,1,0
HEXAWARE,,2020-09-25,0,0
HEXT,2025-09-30,2026-09-30,1,0
HFCL,,2026-09-30,1,0
HGS,2021-09-30,2023-09-29,0,0
HIKAL,2021-09-30,2023-09-29,0,0
HIMATSEIDE,,2020-09-25,0,0
HINDALCO,,2026-09-30,1,0
HINDCOPPER,,2026-09-30,1,0
HINDOILEXP,,2015-09-28,0,0
HINDPETRO,,2026-09-30,1,0
HINDUNILVR,,2026-09-30,1,0
HINDZINC,,2026-09-30,1,0
HLEGLAS,2022-03-31,2024-03-28,0,0
HMT,2016-04-01,2016-09-30,0,0
HMVL,2016-04-01,2017-09-29,0,0
HOMEFIRST,2021-09-30,2026-09-30,1,0
HONASA,2024-03-28,2026-09-30,1,0
HONAUT,2018-04-02,2026-09-30,1,0
HONAUT,,2017-09-29,1,0
HOTELEELA,2016-04-01,2016-09-30,0,0
HOTELEELA,,2015-09-28,0,0
HSCL,2018-04-02,2021-09-30,1,0
HSCL,2024-03-28,2026-09-30,1,0
HSIL,,2018-12-28,0,0
HTMEDIA,,2018-06-29,0,0
HUDCO,2017-10-30,2026-09-30,1,0
HUHTAMAKI,,2021-09-30,0,0
HYUNDAI,2025-03-28,2026-09-30,1,0
IBREALEST,2012-03-09,2023-09-29,0,1
IBREALEST,,2011-04-21,0,1
IBULISL,2019-03-29,2020-06-26,0,0
IBVENTURES,,2016-04-01,0,1
ICICIAMC,2026-03-30,2026-09-30,1,0
ICICIBANK,,2026-09-30,1,0
ICICIGI,2018-04-02,2026-09-30,1,0
ICICIPRULI,2017-03-31,2026-09-30,1,0
ICIL,2016-04-01,2019-03-29,0,0
ICIL,2021-03-31,2022-09-30,0,0
ICRA,2019-03-29,2021-03-31,0,0
ICRA,,2018-04-02,0,0
IDBI,,2026-09-30,1,0
IDEA,,2026-09-30,1,0
IDFC,2016-04-01,2024-10-10,0,0
IDFCFIRSTB,,2026-09-30,1,0
IEX,2018-04-02,2026-09-30,1,0
IFBIND,2016-04-01,2016-09-30,0,0
IFBIND,2017-09-29,2023-09-29,0,0
IFBIND,,2015-09-28,0,0
IFCI,2024-09-30,2026-09-30,1,0
IFCI,,2020-09-25,1,0
IGARASHI,2016-04-01,2018-04-02,0,0
IGIL,2025-03-28,2026-09-30,1,0
IGL,,2026-09-30,1,0
IIFL,2018-04-02,2018-12-28,1,0
IIFL,2019-09-27,2026-09-30,1,0
IIFL,,2017-06-23,1,0
IKS,2025-03-28,2026-09-30,1,0
IL&FSENGG,2015-09-28,2016-04-01,0,0
IL&FSTRANS,,2019-03-29,0,0
INDGN,2024-09-30,2026-09-30,1,0
INDHOTEL,,2026-09-30,1,0
INDIABULLS,,2013-03-19,0,0
INDIACEM,,2026-09-30,1,0
INDIAMART,,2026-09-30,1,0
INDIANB,,2026-09-30,1,0
INDIGO,2016-09-30,2026-09-30,1,0
INDIGOPNTS,2021-09-30,2024-09-30,0,0
INDOCO,2016-04-01,2019-09-27,0,0
INDOCO,2020-06-26,2023-03-31,0,0
INDOSTAR,2019-03-29,2020-09-25,0,0
INDUSINDBK,,2026-09-30,1,0
INDUSTOWER,,2026-09-30,1,0
INEOSSTYRO,,2016-09-30,0,0
INFIBEAM,2016-09-30,2020-11-25,0,0
INFIBEAM,2021-04-29,2024-03-28,0,0
INFY,,2026-09-30,1,0
INGERRAND,2017-09-29,2018-04-02,0,0
INGERRAND,2020-06-26,2022-03-31,0,0
INGERRAND,2023-03-31,2024-03-28,0,0
INGERRAND,,2017-03-31,0,0
INGVYSYABK,,2015-02-02,0,0
INOXINDIA,2024-09-30,2026-03-30,0,0
INOXLEISUR,,2023-02-17,0,0
INOXWIND,2015-09-28,2019-09-27,1,0
INOXWIND,2024-03-28,2026-09-30,1,0
INTELLECT,2016-04-01,2020-09-25,1,0
INTELLECT,2021-03-31,2026-09-30,1,0
IOB,,2026-09-30,1,0
IOC,,2026-09-30,1,0
IOLCP,2020-09-25,2022-03-31,0,0
IPAPPM,2016-04-01,2017-03-31,0,0
IPCALAB,,2026-09-30,1,0
IRB,,2026-09-30,1,0
IRCON,2019-03-29,2022-09-30,1,0
IRCON,2023-09-29,2026-09-30,1,0
IRCTC,,2026-09-30,1,0
IREDA,2024-09-30,2026-09-30,1,0
IRFC,2021-09-30,2026-09-30,1,0
ISEC,2018-09-28,2025-03-21,0,0
ITC,,2026-09-30,1,0
ITCHOTELS,2025-09-30,2026-09-30,1,0
ITDC,2017-09-29,2020-09-25,0,0
ITDCEM,2016-09-30,2020-06-26,0,0
ITDCEM,,2016-04-01,0,0
ITI,2017-09-29,2026-09-30,1,0
IVRCLINFRA,,2016-04-01,0,0
J&KBANK,2024-03-28,2026-09-30,1,0
J&KBANK,,2021-03-31,1,0
JAGRAN,,2021-03-31,0,0
JAIBALAJI,2024-03-28,2024-09-30,0,0
JAICORPLTD,,2021-03-31,0,0
JAINREC,2026-03-30,2026-09-30,1,0
JAMNAAUTO,2019-03-29,2024-03-28,0,0
JBCHEPHARM,,2026-07-17,0,0
JBFIND,,2018-09-28,0,0
JBMA,2022-09-30,2026-09-30,1,0
JETAIRWAYS,2016-04-01,2019-09-24,0,0
JINDALPOLY,2016-04-01,2018-09-28,0,0
JINDALSAW,2017-09-29,2022-03-31,1,1
JINDALSAW,2023-09-29,2026-09-30,1,1
JINDALSAW,,2016-04-29,1,1
JINDALSTEL,,2026-09-30,1,0
JINDWORLD,2023-03-31,2023-09-29,0,0
JIOFIN,2024-03-28,2026-09-30,1,0
JISLJALEQS,,2020-06-26,0,0
JKCEMENT,,2026-09-30,1,0
JKIL,,2019-03-29,0,0
JKLAKSHMI,,2025-03-28,0,0
JKPAPER,2019-03-29,2024-09-30,0,0
JKTYRE,2024-09-30,2026-09-30,1,0
JKTYRE,,2022-03-31,1,0
JMFINANCIL,,2026-09-30,1,0
JMTAUTOLTD,2016-04-01,2017-09-29,0,0
JPASSOCIAT,,2019-09-27,0,0
JPINFRATEC,,2017-03-31,0,0
JPPOWER,2017-09-29,2019-03-29,1,0
JPPOWER,2024-09-30,2026-09-30,1,0
JPPOWER,,2017-03-31,1,0
JSL,2017-09-29,2026-09-30,1,0
JSLHISAR,2017-09-29,2022-05-31,0,0
JSWCEMENT,2025-12-31,2026-09-30,1,0
JSWDULUX,,2026-09-30,1,0
JSWENERGY,,2026-09-30,1,0
JSWHL,2025-03-28,2025-09-30,0,0
JSWHL,,2017-03-31,0,0
JSWINFRA,2024-03-28,2026-09-30,1,0
JSWSTEEL,,2026-09-30,1,0
JTEKTINDIA,2020-09-14,2021-09-30,0,0
JUBILANT,,2020-09-25,0,0
JUBLFOOD,,2026-09-30,1,0
JUBLINGREA,2021-09-30,2026-09-30,1,0
JUBLPHARMA,2021-09-30,2026-09-30,1,0
JUSTDIAL,,2025-09-30,0,0
JWL,2024-03-28,2026-09-30,1,0
JYOTHYLAB,,2026-03-30,0,0
JYOTICNC,2024-09-30,2026-09-30,1,0
JYOTISTRUC,,2016-04-01,0,0
KAJARIACER,,2026-09-30,1,0
KALYANKJIL,2021-09-30,2026-09-30,1,0
KANSAINER,,2025-09-30,0,0
KARURVYSYA,,2026-09-30,1,0
KAYNES,2023-09-29,2026-09-30,1,0
KCP,,2016-04-01,0,0
KEC,,2026-09-30,1,0
KEI,2019-03-29,2026-09-30,1,0
KENNAMET,2019-12-27,2020-06-26,0,0
KENNAMET,2023-03-31,2023-09-29,0,0
KESORAMIND,2016-04-01,2018-09-28,0,0
KESORAMIND,,2015-09-28,0,0
KFINTECH,2023-03-31,2026-09-30,1,0
KIMS,2022-03-31,2026-09-30,1,0
KIOCL,2018-06-29,2019-09-27,0,0
KIRLFER,2023-09-29,2023-10-26,0,0
KIRLOSBROS,2024-09-30,2026-03-30,0,0
KIRLOSENG,2016-04-01,2016-09-30,1,0
KIRLOSENG,2019-03-29,2020-06-26,1,0
KIRLOSENG,2024-09-30,2026-09-30,1,0
KITEX,,2018-09-28,0,0
KKCL,,2016-04-01,0,0
KNRCON,2017-03-31,2017-09-29,0,0
KNRCON,2018-04-02,2025-09-30,0,0
KNRCON,,2016-04-01,0,0
KOLTEPATIL,,2021-03-31,0,0
KOTAKBANK,,2026-09-30,1,0
KPIL,,2026-09-30,1,0
KPIT,,2018-09-28,0,0
KPITTECH,2019-09-27,2020-09-14,1,0
KPITTECH,2021-03-31,2026-09-30,1,0
KPRMILL,2021-03-31,2026-09-30,1,0
KPRMILL,,2020-09-25,1,0
KRBL,2015-09-28,2024-09-30,0,0
KSB,2020-06-26,2022-03-31,0,0
KSB,2023-03-31,2025-03-28,0,0
KSB,2025-09-30,2026-03-30,0,0
KSBPUMPS,2016-09-30,2017-03-31,0,0
KSBPUMPS,,2016-04-01,0,0
KSCL,,2022-03-31,0,0
KSK,,2016-09-30,0,0
KTKBANK,,2021-03-31,0,0
KWALITY,2016-04-01,2018-09-28,0,0
LAKSHVILAS,,2020-06-26,0,0
LALPATHLAB,2016-09-30,2026-09-30,1,0
LAOPALA,2015-02-23,2017-03-31,0,0
LAOPALA,2020-06-26,2022-03-31,0,0
LATENTVIEW,2022-03-31,2026-09-30,1,0
LAURUSLABS,2017-05-26,2026-09-30,1,0
LAXMIMACH,,2024-03-28,0,0
LEMONTREE,2018-09-28,2022-03-31,1,0
LEMONTREE,2022-12-30,2026-09-30,1,0
LENSKART,2026-03-30,2026-09-30,1,0
LGBBROSLTD,,2016-04-01,0,0
LGEINDIA,2026-03-30,2026-09-30,1,0
LICHSGFIN,,2026-09-30,1,0
LICI,2022-08-08,2026-09-30,1,0
LINDEINDIA,2016-09-30,2017-03-31,1,0
LINDEINDIA,2017-09-29,2018-04-02,1,0
LINDEINDIA,2018-09-28,2026-09-30,1,0
LINDEINDIA,,2016-04-01,1,0
LITL,,2017-03-31,0,0
LLOYDSME,2024-03-28,2026-09-30,1,0
LODHA,2021-09-30,2026-09-30,1,0
LT,,2026-09-30,1,0
LTF,,2026-09-30,1,0
LTFOODS,2025-03-28,2026-09-30,1,0
LTM,,2026-09-30,1,0
LTTS,2017-03-31,2026-09-30,1,0
LUPIN,,2026-09-30,1,0
LUXIND,2018-09-28,2024-03-28,0,0
LXCHEM,2021-09-30,2024-09-30,0,0
M&M,,2026-09-30,1,0
M&MFIN,,2026-09-30,1,0
MAGMA,,2020-06-26,0,0
MAHABANK,2019-03-29,2026-09-30,1,0
MAHINDCIE,2016-04-01,2020-09-25,0,1
MAHLIFE,2022-09-30,2025-03-28,0,0
MAHLIFE,,2017-03-31,0,0
MAHLOG,2018-09-28,2023-09-29,0,0
MAHSCOOTER,2019-03-29,2021-09-30,0,0
MAHSCOOTER,2025-09-30,2026-03-30,0,0
MAHSCOOTER,,2016-04-01,0,0
MAHSEAMLES,2019-03-29,2021-09-30,0,0
MAHSEAMLES,2024-03-28,2026-03-30,0,0
MAHSEAMLES,,2016-04-01,0,0
MANAPPURAM,2016-04-01,2026-09-30,1,0
MANDHANA,,2015-12-14,0,0
MANGCHEFER,,2015-09-28,0,0
MANKIND,2023-07-13,2026-09-30,1,0
MANPASAND,2016-04-01,2019-03-29,0,0
MANYAVAR,2022-09-30,2026-03-30,0,0
MAPMYINDIA,2022-03-31,2026-09-30,1,0
MARICO,,2026-09-30,1,0
MARKSANS,,2018-09-28,0,0
MARUTI,,2026-09-30,1,0
MASFIN,2018-04-02,2021-09-30,0,0
MASTEK,2021-09-30,2025-09-30,0,0
MAX,,2015-09-28,0,0
MAXHEALTH,2021-03-31,2026-09-30,1,0
MAYURUNIQ,,2017-03-31,0,0
MAZDOCK,2021-03-31,2026-09-30,1,0
MBLINFRA,2015-02-02,2016-04-01,0,0
MCLEODRUSS,,2019-03-29,0,0
MCX,2019-09-27,2026-09-30,1,0
MEDANTA,2023-03-31,2026-09-30,1,0
MEDPLUS,2022-03-31,2024-09-30,0,0
MEESHO,2026-03-30,2026-09-30,1,0
MERCATOR,,2016-04-01,0,0
METALFORGE,2015-09-28,2016-04-01,0,0
METROBRAND,2022-03-31,2025-03-28,0,0
METROPOLIS,2019-09-27,2026-03-30,0,0
MFSL,2016-09-30,2017-01-23,1,1
MFSL,2017-09-29,2026-09-30,1,1
MGL,2017-03-31,2026-09-30,1,1
MHRIL,,2024-09-30,0,0
MIDHANI,2019-12-26,2022-03-31,0,0
MINDACORP,2016-04-01,2016-09-30,1,0
MINDACORP,2017-03-31,2022-03-31,1,0
MINDACORP,2023-09-29,2026-09-30,1,0
MINDTREE,,2022-09-30,0,0
MMTC,,2026-09-30,1,0
MOIL,2013-01-23,2023-03-31,0,0
MONNETISPA,,2015-09-28,0,0
MONSANTO,2018-09-28,2019-06-28,0,0
MONSANTO,,2018-04-02,0,0
MOTHERSON,2022-09-30,2026-09-30,1,0
MOTHERSUMI,,2021-06-30,0,0
MOTILALOFS,,2026-09-30,1,0
MPHASIS,,2026-09-30,1,0
MRF,,2026-09-30,1,0
MRPL,,2026-09-30,1,0
MSUMI,2022-09-30,2026-09-30,1,0
MTARTECH,2022-04-07,2024-09-30,0,0
MTEDUCARE,,2016-04-01,0,0
MTNL,2016-04-01,2018-09-28,0,0
MUNJALSHOW,,2016-04-01,0,0
MUTHOOTFIN,,2026-09-30,1,0
MYSOREBANK,2016-09-30,2017-03-31,0,1
NAGARFERT,,2011-08-29,0,0
NAM-INDIA,,2026-09-30,1,0
NATCOPHARM,,2026-09-30,1,0
NATIONALUM,,2026-09-30,1,0
NAUKRI,,2026-09-30,1,0
NAVA,2025-03-28,2026-09-30,1,0
NAVINFLUOR,2016-09-30,2026-09-30,1,0
NAVKARCORP,2016-04-01,2019-03-29,0,0
NAVNETEDUL,2017-03-31,2018-04-02,0,0
NAVNETEDUL,2020-09-25,2021-03-31,0,0
NAVNETEDUL,,2016-04-01,0,0
NAZARA,2021-09-30,2024-03-28,0,0
NBCC,,2026-09-30,1,0
NBVENTURES,2017-03-31,2020-09-25,0,0
NBVENTURES,,2016-04-01,0,0
NCC,,2026-09-30,1,0
NDTV,,2016-04-01,0,0
NESCO,2018-04-02,2022-09-30,0,0
NESTLEIND,2019-09-27,2026-09-30,1,0
NETWEB,2024-09-30,2026-09-30,1,0
NETWORK18,2020-11-02,2025-09-30,0,0
NETWORK18,,2020-06-26,0,0
NEULANDLAB,2025-03-28,2026-09-30,1,0
NEWGEN,2024-09-30,2026-09-30,1,0
NFL,2017-09-29,2022-03-31,0,0
NH,2016-09-30,2026-09-30,1,0
NHPC,,2026-09-30,1,0
NIACL,2018-09-28,2026-09-30,1,0
NIITLTD,2022-09-30,2022-12-30,0,0
NIITLTD,,2016-04-01,0,0
NILKAMAL,2016-09-30,2022-03-31,0,0
NIRMA,,2011-03-24,0,0
NITINFIRE,,2017-09-29,0,0
NIVABUPA,2025-03-28,2026-09-30,1,0
NLCINDIA,,2026-09-30,1,0
NMDC,2023-03-31,2026-09-30,1,0
NMDC,,2022-08-08,1,0
NOCIL,2020-09-14,2023-09-29,0,0
NOCIL,,2016-04-01,0,0
NOIDATOLL,,2016-04-01,0,0
NSLNISP,2023-04-28,2026-09-30,1,0
NTPC,,2026-09-30,1,0
NTPCGREEN,2025-03-28,2026-09-30,1,0
NUVAMA,2024-03-28,2026-09-30,1,0
NUVOCO,2022-03-31,2025-03-28,1,0
NUVOCO,2025-09-30,2026-09-30,1,0
NYKAA,2022-03-31,2026-09-30,1,0
OBEROIRLTY,2011-04-21,2026-09-30,1,0
OCL,2016-09-30,2017-01-23,0,0
OFSS,,2026-09-30,1,0
OIL,,2026-09-30,1,0
OLAELEC,2025-03-28,2026-09-30,1,0
OLECTRA,2022-09-30,2026-09-30,1,0
OMAXE,,2021-03-31,0,0
ONESOURCE,2025-09-30,2026-09-30,1,0
ONGC,,2026-09-30,1,0
OPTOCIRCUI,,2016-04-01,0,0
ORCHIDCHEM,,2015-09-28,0,0
ORIENTCEM,2015-09-28,2021-03-31,0,0
ORIENTELEC,2019-03-29,2024-03-28,0,0
ORISSAMINE,,2017-09-29,0,0
PAGEIND,,2026-09-30,1,0
PARADEEP,2026-03-30,2026-09-30,1,0
PARAGMILK,2017-03-31,2020-06-26,0,0
PARSVNATH,,2016-09-30,0,0
PATANJALI,2022-09-30,2026-09-30,1,0
PATELENG,,2016-04-01,0,0
PAYTM,2022-03-31,2026-09-30,1,0
PCBL,,2026-09-30,1,0
PCJEWELLER,2016-04-01,2020-06-26,0,0
PEL,2023-03-31,2025-09-23,0,0
PEL,,2022-08-08,0,0
PENIND,,2016-04-01,0,0
PENINLAND,,2016-04-01,0,0
PERSISTENT,,2026-09-30,1,0
PETRONET,,2026-09-30,1,0
PFC,,2026-09-30,1,0
PFIZER,2024-09-30,2026-09-30,1,0
PFIZER,,2024-03-28,1,0
PFOCUS,2026-07-17,2026-09-30,1,0
PFS,,2019-03-29,0,0
PGEL,2025-03-28,2026-09-30,1,0
PGHH,2025-09-30,2026-03-30,0,0
PGHH,,2025-03-28,0,0
PGHL,2023-09-29,2024-03-28,0,0
PGHL,,2023-03-31,0,0
PHOENIXLTD,,2026-09-30,1,0
PIDILITIND,,2026-09-30,1,0
PIIND,,2026-09-30,1,0
PINELABS,2026-03-30,2026-09-30,1,0
PIRAMALFIN,2026-03-30,2026-09-30,1,0
PNB,,2026-09-30,1,0
PNBHOUSING,2017-05-26,2026-09-30,1,0
PNCINFRA,2015-10-19,2025-09-30,0,0
POLARIS,2016-04-01,2018-02-05,0,0
POLICYBZR,2022-03-31,2026-09-30,1,0
POLYCAB,2019-09-27,2026-09-30,1,0
POLYMED,2020-06-26,2026-09-30,1,0
POLYPLEX,2020-09-25,2024-03-28,0,0
POONAWALLA,2021-09-30,2026-09-30,1,0
POWERGRID,,2026-09-30,1,0
POWERINDIA,2020-09-25,2026-09-30,1,0
PPLPHARMA,2023-02-17,2026-09-30,1,0
PRAJIND,2021-09-30,2026-03-30,0,0
PRAJIND,,2021-03-31,0,0
PRAKASH,,2016-04-01,0,0
PREMIERENE,2025-03-28,2026-09-30,1,0
PRESTIGE,,2026-09-30,1,0
PRINCEPIPE,2021-03-31,2024-09-30,0,0
PRIVISCL,2022-03-31,2023-03-31,0,0
PRSMJOHNSN,,2024-09-30,0,0
PSPPROJECT,2020-09-14,2021-03-31,0,0
PTC,,2021-03-31,0,0
PTCIL,2024-09-30,2026-09-30,1,0
PUNJLLOYD,,2017-09-29,0,0
PURVA,,2016-09-30,0,0
PVRINOX,,2026-09-30,1,0
PWL,2026-03-30,2026-09-30,1,0
QUESS,2017-03-31,2025-04-11,0,0
RADICO,,2026-09-30,1,0
RAILTEL,2021-09-30,2022-09-30,1,0
RAILTEL,2024-03-28,2026-09-30,1,0
RAIN,,2024-03-28,0,0
RAINBOW,2022-12-30,2026-09-30,1,0
RAJESHEXPO,,2025-03-28,0,0
RALLIS,,2024-03-28,0,0
RAMCOCEM,,2026-09-30,1,0
RAMCOIND,,2015-09-28,0,0
RAMCOSYS,2016-04-01,2018-09-28,0,0
RANBAXY,,2014-11-28,0,0
RASOYPR,,2015-09-28,0,0
RATNAMANI,2017-03-31,2017-09-29,0,0
RATNAMANI,2019-09-27,2025-03-28,0,0
RATNAMANI,,2016-09-30,0,0
RAYMOND,2022-09-30,2025-09-30,0,0
RAYMOND,,2021-09-30,0,0
RAYMONDLSL,2025-03-21,2025-09-30,0,0
RBA,2021-04-29,2024-09-30,0,0
RBLBANK,2017-01-23,2026-09-30,1,0
RCF,,2026-03-30,0,0
RCOM,,2019-09-27,0,0
RECLTD,,2026-09-30,1,0
REDINGTON,,2026-09-30,1,0
RELAXO,2016-04-01,2017-09-29,0,0
RELAXO,2017-11-13,2024-03-28,0,0
RELCAPITAL,2018-02-05,2020-06-26,0,1
RELCAPITAL,,2017-09-29,0,1
RELIANCE,,2026-09-30,1,0
RELIGARE,2016-09-30,2018-09-28,0,0
RELIGARE,,2016-04-01,0,0
RELINFRA,2025-09-23,2026-03-30,0,0
RELINFRA,,2020-06-26,0,0
RENUKA,2022-03-31,2025-09-30,0,0
RENUKA,,2020-09-25,0,0
REPCOHOME,,2020-09-14,0,0
RESPONIND,2019-12-26,2020-06-26,0,0
RESPONIND,2021-03-31,2021-09-30,0,0
RHFL,2018-04-02,2019-09-27,0,0
RHIM,,2026-09-30,1,0
RICOAUTO,2015-09-28,2016-04-01,0,0
RIIL,,2017-09-29,0,0
RITES,2018-12-28,2026-09-30,1,0
RKFORGE,2016-04-01,2019-09-27,1,0
RKFORGE,2024-03-28,2026-09-30,1,0
RNAVAL,,2019-03-29,0,0
ROLTA,,2017-09-29,0,0
ROSSARI,2021-03-31,2024-03-28,0,0
ROUTE,2021-03-31,2025-09-30,0,0
RPOWER,2025-03-28,2026-09-30,1,0
RPOWER,,2020-06-26,1,0
RRKABEL,2024-03-28,2026-09-30,1,0
RTNINDIA,2022-03-31,2025-09-30,0,0
RTNPOWER,2016-04-01,2018-09-28,0,0
RTNPOWER,,2015-09-28,0,0
RUCHISOYA,,2017-09-29,0,0
RUPA,2017-09-29,2019-09-27,0,0
RUSTOMJEE,2023-03-31,2023-09-29,0,0
RVNL,2019-09-27,2026-09-30,1,0
SADBHAV,,2020-09-25,0,0
SADBHIN,2016-04-01,2016-09-30,0,0
SADBHIN,2018-04-02,2019-03-29,0,0
SAFARI,2023-09-29,2024-09-30,0,0
SAGILITY,2025-03-28,2026-09-30,1,0
SAIL,,2026-09-30,1,0
SAILIFE,2025-03-28,2026-09-30,1,0
SAMMAANCAP,,2026-09-30,1,0
SANOFI,,2025-03-28,0,0
SAPPHIRE,2022-03-31,2026-09-30,1,0
SARDAEN,2025-03-28,2026-09-30,1,0
SAREGAMA,2022-03-31,2022-12-30,1,0
SAREGAMA,2023-09-29,2026-09-30,1,0
SBBJ,,2017-03-31,0,1
SBFC,2024-03-28,2026-09-30,1,0
SBICARD,2020-07-31,2026-09-30,1,0
SBILIFE,2018-04-02,2026-09-30,1,0
SBIN,,2026-09-30,1,0
SBT,2016-09-30,2017-03-31,0,1
SBT,,2016-04-01,0,1
SCHAEFFLER,,2026-09-30,1,0
SCHNEIDER,2016-01-18,2018-04-02,1,0
SCHNEIDER,2020-06-26,2022-03-31,1,0
SCHNEIDER,2024-03-28,2026-09-30,1,0
SCI,2020-06-26,2022-12-30,1,0
SCI,2024-09-30,2026-09-30,1,0
SCI,,2019-09-27,1,0
SEINV,,2016-04-01,0,0
SEQUENT,2016-09-30,2017-03-31,0,0
SEQUENT,2020-06-26,2022-09-30,0,0
SFCL,2016-09-30,2017-01-23,0,0
SFL,2017-06-23,2018-09-28,0,0
SFL,2018-12-28,2023-03-31,0,0
SFL,2023-09-29,2024-03-28,0,0
SHANKARA,2018-04-02,2019-09-27,0,0
SHANTIGEAR,,2016-04-01,0,0
SHARDACROP,2016-04-01,2018-04-02,0,0
SHARDACROP,2019-03-29,2019-09-27,0,0
SHARDACROP,2021-03-31,2022-03-31,0,0
SHARDACROP,2022-09-30,2024-03-28,0,0
SHILPAMED,2016-04-01,2018-04-02,0,0
SHILPAMED,2018-09-28,2020-06-26,0,0
SHILPAMED,2020-09-25,2023-03-31,0,0
SHILPI,2017-03-31,2017-11-13,0,0
SHK,2016-04-29,2020-06-26,0,0
SHOPERSTOP,2017-09-29,2021-09-30,0,0
SHOPERSTOP,2022-09-30,2024-03-28,0,0
SHOPERSTOP,,2017-03-31,0,0
SHREECEM,,2026-09-30,1,0
SHRENUJ,,2016-04-01,0,0
SHRIRAMCIT,,2022-08-08,0,0
SHRIRAMFIN,,2026-09-30,1,0
SHYAMMETL,2022-03-31,2026-09-30,1,0
SIEMENS,,2026-09-30,1,0
SIGNATURE,2024-03-28,2026-09-30,1,0
SIMPLEXINF,,2017-03-31,0,0
SINTEX,,2017-03-31,0,0
SIS,2018-04-02,2023-03-31,0,0
SITINET,,2017-03-31,0,0
SJVN,2016-04-01,2026-09-30,1,0
SKFINDIA,,2025-12-31,0,0
SMLISUZU,2016-04-01,2018-09-28,0,0
SNOWMAN,2016-04-01,2018-04-02,0,0
SOBHA,,2026-09-30,1,0
SOLARA,2020-09-25,2022-09-30,0,0
SOLARINDS,2016-04-01,2026-09-30,1,0
SOMANYCERA,2016-04-01,2018-04-02,0,0
SONACOMS,2021-10-29,2026-09-30,1,0
SONASTEER,,2016-04-01,0,0
SONATSOFTW,,2026-09-30,1,0
SOUTHBANK,,2021-03-31,0,0
SPANDANA,2021-03-31,2022-03-31,0,0
SPANDANA,,2020-09-14,0,0
SPARC,,2025-03-28,0,0
SPICEJET,,2022-09-30,0,0
SPLPETRO,2026-03-30,2026-09-30,1,0
SPTL,2018-04-02,2019-09-27,0,0
SREINFRA,,2019-09-27,0,0
SRF,,2026-09-30,1,0
SRIPIPES,2015-09-28,2016-04-01,0,0
STAR,2018-09-28,2022-09-30,0,0
STAR,,2018-02-05,0,0
STARCEMENT,2017-11-20,2022-03-31,0,0
STARHEALTH,2022-03-31,2026-09-30,1,0
STCINDIA,2016-04-01,2017-09-29,0,0
STLTECH,,2024-09-30,0,0
STRTECH,,2016-01-18,0,1
SUDARSCHEM,2017-03-31,2023-03-31,0,0
SUMICHEM,2020-06-26,2026-09-30,1,0
SUNCLAYLTD,2019-04-15,2020-06-26,0,0
SUNCLAYLTD,2021-03-31,2021-09-30,0,0
SUNDARMFIN,2018-09-28,2026-09-30,1,0
SUNDARMFIN,,2017-11-13,1,0
SUNDRMFAST,2025-04-11,2026-03-30,0,0
SUNDRMFAST,,2025-03-28,0,0
SUNPHARMA,,2026-09-30,1,0
SUNTECK,,2024-09-30,0,0
SUNTV,,2026-09-30,1,0
SUPPETRO,2017-09-29,2018-04-02,0,0
SUPPETRO,2020-09-25,2022-04-07,0,0
SUPPETRO,,2016-04-01,0,0
SUPRAJIT,2016-09-30,2017-03-31,0,0
SUPRAJIT,2017-09-29,2018-04-02,0,0
SUPRAJIT,2019-03-29,2024-03-28,0,0
SUPREMEIND,,2026-09-30,1,0
SUPREMEINF,,2016-04-01,0,0
SUVEN,,2020-01-16,0,0
SUZLON,,2026-09-30,1,0
SWANCORP,2022-09-30,2026-09-30,1,0
SWANCORP,,2021-09-30,1,0
SWARAJENG,2020-09-14,2021-03-31,0,0
SWARAJENG,,2016-04-01,0,0
SWIGGY,2025-03-28,2026-09-30,1,0
SWSOLAR,2020-03-19,2025-09-30,0,0
SYMPHONY,2015-09-28,2023-03-31,0,0
SYMPHONY,2023-09-29,2024-03-28,0,0
SYNGENE,2016-04-01,2026-09-30,1,0
SYRMA,2023-09-29,2026-09-30,1,0
TAKE,2016-04-01,2020-09-25,0,0
TANLA,2021-03-31,2025-09-30,0,0
TARIL,2025-03-28,2026-09-30,1,0
TASTYBITE,2019-12-27,2022-03-31,0,0
TATACAP,2026-03-30,2026-09-30,1,0
TATACHEM,2020-09-25,2026-09-30,1,0
TATACOFFEE,2020-09-14,2023-03-31,0,0
TATACOFFEE,,2019-09-27,0,0
TATACOMM,2020-06-26,2026-09-30,1,0
TATACOMM,,2018-06-29,1,0
TATACONSUM,,2026-09-30,1,0
TATAELXSI,,2026-09-30,1,0
TATAINVEST,2017-03-31,2021-09-30,1,0
TATAINVEST,2022-03-31,2026-09-30,1,0
TATAINVEST,,2016-04-01,1,0
TATAPOWER,,2026-09-30,1,0
TATASPONGE,,2019-03-29,0,0
TATASTEEL,,2026-09-30,1,0
TATASTLBSL,2020-01-16,2021-04-29,0,0
TATASTLLP,2021-09-30,2022-09-30,0,0
TATATECH,2024-03-28,2026-09-30,1,0
TBOTEK,2024-09-30,2026-09-30,1,0
TBZ,,2016-09-30,0,0
TCI,2016-04-01,2016-04-29,0,0
TCI,2022-09-30,2023-09-29,0,0
TCIEXP,2019-09-27,2023-09-29,0,0
TCNSBRANDS,2019-03-29,2023-09-29,0,0
TCS,,2026-09-30,1,0
TDPOWERSYS,,2016-04-01,0,0
TEAMLEASE,2018-09-28,2024-03-28,0,0
TECHM,,2026-09-30,1,0
TECHNO,,2018-08-08,0,0
TECHNOE,2019-09-27,2020-06-26,1,0
TECHNOE,2024-09-30,2026-09-30,1,0
TEGA,2026-03-30,2026-09-30,1,0
TEJASNET,2022-09-30,2026-09-30,1,0
TENNIND,2026-03-30,2026-09-30,1,0
TEXRAIL,2016-04-01,2019-03-29,0,0
THELEELA,2025-09-30,2026-09-30,1,0
THERMAX,,2026-09-30,1,0
THOMASCOOK,,2019-09-27,0,0
THYROCARE,2017-03-31,2023-03-31,0,0
TIDEWATER,2016-04-01,2017-09-29,0,0
TIINDIA,2018-06-29,2026-09-30,1,0
TIMETECHNO,2017-09-29,2020-09-25,0,0
TIMKEN,2016-04-01,2026-09-30,1,0
TITAGARH,2024-03-28,2026-09-30,1,0
TITAN,,2026-09-30,1,0
TMB,2023-03-31,2023-09-29,0,0
TMB,2024-03-28,2024-09-30,0,0
TMCV,2026-03-30,2026-09-30,1,0
TMPV,,2026-09-30,1,0
TNPL,,2019-09-27,0,0
TORNTPHARM,,2026-09-30,1,0
TORNTPOWER,,2026-09-30,1,0
TRAVELFOOD,2026-03-30,2026-09-30,1,0
TREEHOUSE,,2016-09-30,0,0
TRENT,,2026-09-30,1,0
TRIDENT,,2026-09-30,1,0
TRITURBINE,2016-04-01,2017-09-29,1,1
TRITURBINE,2019-03-29,2020-06-26,1,1
TRITURBINE,2021-03-31,2026-09-30,1,1
TRIVENI,2022-05-31,2026-03-30,0,0
TTKPRESTIG,,2024-03-28,0,0
TTML,2016-04-01,2016-09-30,1,0
TTML,2021-09-30,2026-09-30,1,0
TUBEINVEST,,2017-05-26,0,0
TV-18,,2011-06-21,0,0
TV18BRDCST,,2024-10-16,0,0
TVSMOTOR,,2026-09-30,1,0
TVSSCS,2024-03-28,2025-03-28,0,0
TVSSRICHAK,2016-04-01,2019-03-29,0,0
TVTODAY,2016-04-29,2021-03-31,0,0
TVTODAY,,2016-04-01,0,0
UBL,,2026-09-30,1,0
UCOBANK,2022-12-30,2026-09-30,1,0
UCOBANK,,2022-09-30,1,0
UFLEX,,2023-09-29,0,0
UJJIVAN,2017-01-23,2022-03-31,0,0
UJJIVANSFB,2020-06-26,2022-03-31,0,0
UJJIVANSFB,2023-09-29,2025-03-28,0,0
ULTRACEMCO,,2026-09-30,1,0
UNICHEMLAB,,2019-03-29,0,0
UNIONBANK,,2026-09-30,1,0
UNITDSPR,,2026-09-30,1,0
UNITECH,,2018-09-28,0,0
UNITEDBNK,2017-09-29,2018-04-02,0,0
UNOMINDA,,2026-09-30,1,0
UPL,,2026-09-30,1,0
URBANCO,2026-03-30,2026-09-30,1,0
USHAMART,2023-09-29,2026-09-30,1,0
USHAMART,,2016-04-01,1,0
UTIAMC,2021-03-31,2026-09-30,1,0
UTTAMSTL,,2016-04-01,0,0
UTVSOF,,2012-03-09,0,0
VAIBHAVGBL,2019-09-24,2024-09-30,0,0
VAIBHAVGBL,,2016-09-30,0,0
VAKRANGEE,,2022-09-30,0,0
VALIANTORG,2021-03-31,2022-03-31,0,0
VARROC,2018-12-28,2025-03-28,0,0
VBL,2017-05-26,2026-09-30,1,0
VEDL,2021-03-31,2026-09-30,1,0
VEDL,,2020-07-31,1,0
VENKEYS,2018-09-28,2022-09-30,0,0
VENTIVE,2025-09-30,2026-03-30,0,0
VESUVIUS,2017-09-29,2018-04-02,0,0
VESUVIUS,2020-06-26,2020-09-25,0,0
VESUVIUS,,2016-04-01,0,0
VGUARD,2016-04-01,2026-03-30,0,0
VIDEOIND,,2018-04-02,0,1
VIJAYA,2022-03-31,2026-09-30,1,0
VIJAYABANK,,2019-01-28,0,0
VINATIORGA,2024-09-30,2025-03-28,0,0
VINATIORGA,,2024-03-28,0,0
VIPIND,,2025-03-28,0,0
VIVIDHA,,2016-04-01,0,0
VMART,2018-09-28,2024-03-28,0,0
VMM,2025-03-28,2026-09-30,1,0
VOLTAS,,2026-09-30,1,0
VRLLOG,2015-09-28,2021-03-31,0,0
VSTIND,2019-03-29,2021-09-30,0,0
VSTIND,,2017-09-29,0,0
VTL,,2026-09-30,1,1
WAAREEENER,2025-03-28,2026-09-30,1,0
WABAG,,2020-06-26,0,0
WELCORP,,2026-09-30,1,0
WELSPUNLIV,,2026-09-30,1,0
WESTLIFE,,2025-09-30,0,0
WHEELS,,2016-04-01,0,0
WHIRLPOOL,,2026-09-30,1,0
WIPRO,,2026-09-30,1,0
WOCKPHARMA,2025-03-28,2026-09-30,1,0
WOCKPHARMA,,2023-03-31,1,0
WONDERLA,2016-04-01,2017-09-29,0,0
YESBANK,2020-09-25,2026-09-30,1,0
YESBANK,,2020-03-19,1,0
ZEEL,,2026-09-30,1,0
ZEELEARN,2016-04-01,2018-09-28,0,0
ZENSARTECH,2018-09-28,2026-09-30,1,0
ZENSARTECH,,2018-04-02,1,0
ZENTEC,2025-03-28,2026-09-30,1,0
ZFCVINDIA,,2026-09-30,1,0
ZYDUSLIFE,,2026-09-30,1,0
ZYDUSWELL,2018-09-28,2024-03-28,1,0
ZYDUSWELL,2026-03-30,2026-09-30,1,0
ZYDUSWELL,,2017-09-29,1,0
