effective_date,files,set_size_before_event
2026-09-24,snapshot,501
2026-07-17,ind_prs13072026_1.pdf,501
2026-05-12,ind_prs04052026.pdf,501
2026-03-30,ind_prs23022026.pdf,501
2025-12-31,ind_prs11122025.pdf,501
2025-09-30,ind_prs22082025.pdf,502
2025-09-23,ind_prs15092025_1.pdf,502
2025-04-11,ind_prs04042025_2.pdf,502
2025-03-28,ind_prs21022025.pdf,502
2025-03-21,ind_prs17032025.pdf,502
2024-10-16,ind_prs10102024.pdf,502
2024-10-10,ind_prs04102024.pdf,502
2024-09-30,"ind_prs23082024.pdf,ind_prs25092024.pdf",502
2024-03-28,ind_prs28022024.pdf,502
2023-10-26,ind_prs17102023.pdf,502
2023-09-29,ind_prs17082023.pdf,502
2023-07-13,ind_prs04072023.pdf,502
2023-04-28,ind_prs19042023_1.pdf,502
2023-03-31,ind_prs17022023_1.pdf,503
2023-02-17,ind_prs09022023_1.pdf,503
2022-12-30,"ind_prs06122022.pdf,ind_prs22122022.pdf",503
2022-09-30,"ind_prs01092022.pdf,ind_prs16092022.pdf",503
2022-08-08,ind_prs11072022.pdf,503
2022-05-31,ind_prs24052022.pdf,503
2022-05-04,ind_prs05042022.pdf,503
2022-04-12,ind_prs05042022_1.pdf,503
2022-04-07,ind_prs06042022.pdf,503
2022-03-31,ind_prs24022022_1.pdf,502
2021-10-29,ind_prs22102021.pdf,502
2021-09-30,ind_prs15092021.pdf,502
2021-06-30,ind_prs15062021.pdf,502
2021-04-29,ind_prs22042021.pdf,502
2021-03-31,ind_prs23022021.pdf,502
2020-11-25,ind_prs18112020.pdf,503
2020-11-02,ind_prs26102020.pdf,503
2020-09-25,ind_prs20082020.pdf,505
2020-09-14,ind_prs07092020.pdf,505
2020-07-31,ind_prs02072020_1.pdf,505
2020-06-26,ind_prs10062020.pdf,508
2020-03-19,ind_prs16032020.pdf,508
2020-01-16,ind_prs09012020.pdf,508
2019-12-27,ind_prs19122019.pdf,508
2019-12-26,ind_prs18122019.pdf,508
2019-09-27,"ind_prs17092019.pdf,ind_prs28082019.pdf",510
2019-09-24,ind_prs17092019_1.pdf,510
2019-06-28,ind_prs13062019.pdf,510
2019-04-15,ind_prs08042019.pdf,510
2019-03-29,ind_prs25022019.pdf,509
2019-01-28,ind_prs21012019.pdf,510
2018-12-28,ind_prs14122018.pdf,510
2018-09-28,"ind_prs28082018.pdf,ind_prs31082018.pdf",511
2018-08-08,ind_prs01082018.pdf,511
2018-06-29,"ind_prs20062018.pdf,ind_prs24052018.pdf",511
2018-04-02,ind_prs21022018.pdf,512
2018-03-13,ind_prs06032018.pdf,512
2018-02-05,ind_prs08012018.pdf,513
2017-11-20,ind_prs10112017.pdf,513
2017-11-13,ind_prs03112017.pdf,513
2017-10-30,ind_prs16102017.pdf,513
2017-09-29,ind_prs28082017.pdf,514
2017-09-05,ind_prs29082017.pdf,514
2017-06-23,ind_prs15062017.pdf,514
2017-05-26,ind_prs27042017.pdf,514
2017-03-31,ind_prs16022017.pdf,518
2017-03-16,ind_prs07032017.pdf,518
2017-01-23,ind_prs16012017.pdf,518
2016-11-15,ind_prs17102016.pdf,518
2016-09-30,ind_prs12082016.pdf,520
2016-04-29,ind_prs22042016.pdf,520
2016-04-01,ind_prs22022016_2.pdf,523
2016-01-18,ind_prs11012016.pdf,523
2015-12-14,ind_prs07122015.pdf,523
2015-10-19,ind_prs18092015.pdf,523
2015-09-28,"ind_prs12082015.pdf,ind_prs24082015.pdf",524
2015-02-23,ind_prs23012015.pdf,524
2015-02-02,ind_prs21012015.pdf,524
2014-11-28,ind_prs18112014.pdf,525
2013-03-19,ind_prs15032013.pdf,526
2013-01-23,ind_prs18012013.pdf,526
2012-03-09,ind_prs29022012.pdf,527
2011-12-14,ind_prs12122011.pdf,528
2011-11-22,ind_prs17112011.pdf,528
2011-08-29,ind_prs19082011.pdf,529
2011-06-21,ind_prs16062011.pdf,530
2011-05-18,ind_prs12052011.pdf,531
2011-04-21,ind_prs19042011.pdf,531
2011-04-11,ind_prs06042011.pdf,531
2011-03-25,ind_prs23032011.pdf,530
2011-03-24,ind_prs17032011.pdf,531
2011-02-08,ind_prs04022011.pdf,531
