effective_date,file,symbol,check
2025-09-30,ind_prs22082025.pdf,AKZOINDIA,INCLUDE_NOT_MEMBER
2023-03-31,ind_prs17022023_1.pdf,MFL,INCLUDE_NOT_MEMBER
2020-11-25,ind_prs18112020.pdf,MAHINDCIE,INCLUDE_NOT_MEMBER
2020-09-25,ind_prs20082020.pdf,SUVENPHAR,INCLUDE_NOT_MEMBER
2020-09-25,ind_prs20082020.pdf,PAPERPROD,INCLUDE_NOT_MEMBER
2020-06-26,ind_prs10062020.pdf,IIFLWAM,INCLUDE_NOT_MEMBER
2020-06-26,ind_prs10062020.pdf,CENTURYTEX,INCLUDE_NOT_MEMBER
2019-09-27,ind_prs28082019.pdf,TRITURBINE,EXCLUDE_IS_MEMBER
2019-09-27,ind_prs28082019.pdf,ORIENTREF,INCLUDE_NOT_MEMBER
2019-09-27,ind_prs28082019.pdf,ADANIGAS,INCLUDE_NOT_MEMBER
2019-03-29,ind_prs25022019.pdf,ESSELPACK,INCLUDE_NOT_MEMBER
2019-03-29,ind_prs25022019.pdf,AARTIIND,EXCLUDE_IS_MEMBER
2019-01-28,ind_prs21012019.pdf,CORPBANK,INCLUDE_NOT_MEMBER
2018-09-28,ind_prs28082018.pdf,RNAM,INCLUDE_NOT_MEMBER
2018-09-28,ind_prs28082018.pdf,PHILIPCARB,INCLUDE_NOT_MEMBER
2018-09-28,ind_prs28082018.pdf,ASAHIINDIA,EXCLUDE_IS_MEMBER
2018-04-02,ind_prs21022018.pdf,HEG,INCLUDE_NOT_MEMBER
2018-03-13,ind_prs06032018.pdf,VIDEOIND,EXCLUDE_IS_MEMBER
2018-03-13,ind_prs06032018.pdf,ERIS,INCLUDE_NOT_MEMBER
2018-02-05,ind_prs08012018.pdf,TIFIN,INCLUDE_NOT_MEMBER
2017-09-29,ind_prs28082017.pdf,IBVENTURES,INCLUDE_NOT_MEMBER
2017-09-05,ind_prs29082017.pdf,RELCAPITAL,EXCLUDE_IS_MEMBER
2017-09-05,ind_prs29082017.pdf,MFSL,INCLUDE_NOT_MEMBER
2017-03-31,ind_prs16022017.pdf,STRTECH,INCLUDE_NOT_MEMBER
2017-03-31,ind_prs16022017.pdf,MINDAIND,INCLUDE_NOT_MEMBER
2017-03-31,ind_prs16022017.pdf,MAXINDIA,INCLUDE_NOT_MEMBER
2017-03-31,ind_prs16022017.pdf,LTI,INCLUDE_NOT_MEMBER
2017-03-16,ind_prs07032017.pdf,SBT,EXCLUDE_IS_MEMBER
2017-03-16,ind_prs07032017.pdf,SBBJ,EXCLUDE_IS_MEMBER
2017-03-16,ind_prs07032017.pdf,MYSOREBANK,EXCLUDE_IS_MEMBER
2017-03-16,ind_prs07032017.pdf,MGL,INCLUDE_NOT_MEMBER
2017-03-16,ind_prs07032017.pdf,MAXINDIA,INCLUDE_NOT_MEMBER
2017-03-16,ind_prs07032017.pdf,FRETAIL,INCLUDE_NOT_MEMBER
2016-09-30,ind_prs12082016.pdf,IDFCBANK,INCLUDE_NOT_MEMBER
2016-09-30,ind_prs12082016.pdf,CROMPGREAV,INCLUDE_NOT_MEMBER
2016-04-01,ind_prs22022016_2.pdf,TATAMTRDVR,INCLUDE_NOT_MEMBER
2016-04-01,ind_prs22022016_2.pdf,STYABS,INCLUDE_NOT_MEMBER
2016-04-01,ind_prs22022016_2.pdf,HITACHIHOM,INCLUDE_NOT_MEMBER
2016-04-01,ind_prs22022016_2.pdf,AEGISCHEM,INCLUDE_NOT_MEMBER
2016-04-01,ind_prs22022016_2.pdf,ADANITRANS,INCLUDE_NOT_MEMBER
2015-09-28,ind_prs12082015.pdf,SITICABLE,INCLUDE_NOT_MEMBER
2014-11-28,ind_prs18112014.pdf,TI,INCLUDE_NOT_MEMBER
2013-03-19,ind_prs15032013.pdf,PVR,INCLUDE_NOT_MEMBER
2012-03-09,ind_prs29022012.pdf,L&TFH,INCLUDE_NOT_MEMBER
2011-12-14,ind_prs12122011.pdf,MVL,INCLUDE_NOT_MEMBER
2011-11-22,ind_prs17112011.pdf,JINDALSAW,EXCLUDE_IS_MEMBER
2011-11-22,ind_prs17112011.pdf,FUTUREVENT,INCLUDE_NOT_MEMBER
2011-08-29,ind_prs19082011.pdf,DISHTV,INCLUDE_NOT_MEMBER
2011-06-21,ind_prs16062011.pdf,IBREALEST,INCLUDE_NOT_MEMBER
2011-05-18,ind_prs12052011.pdf,ARSSINFRA,INCLUDE_NOT_MEMBER
2011-03-25,ind_prs23032011.pdf,VTL,EXCLUDE_IS_MEMBER
2011-03-24,ind_prs17032011.pdf,ORBITCORP,INCLUDE_NOT_MEMBER
2011-02-08,ind_prs04022011.pdf,RELMEDIA,INCLUDE_NOT_MEMBER
