state_in_force_from,reconstructed_set_size,drift_vs_snapshot
,531,30
2011-02-08,531,30
2011-03-24,530,29
2011-03-25,531,30
2011-04-11,531,30
2011-04-21,531,30
2011-05-18,530,29
2011-06-21,529,28
2011-08-29,528,27
2011-11-22,528,27
2011-12-14,527,26
2012-03-09,526,25
2013-01-23,526,25
2013-03-19,525,24
2014-11-28,524,23
2015-02-02,524,23
2015-02-23,524,23
2015-09-28,523,22
2015-10-19,523,22
2015-12-14,523,22
2016-01-18,523,22
2016-04-01,520,19
2016-04-29,520,19
2016-09-30,518,17
2016-11-15,518,17
2017-01-23,518,17
2017-03-16,518,17
2017-03-31,514,13
2017-05-26,514,13
2017-06-23,514,13
2017-09-05,514,13
2017-09-29,513,12
2017-10-30,513,12
2017-11-13,513,12
2017-11-20,513,12
2018-02-05,512,11
2018-03-13,512,11
2018-04-02,511,10
2018-06-29,511,10
2018-08-08,511,10
2018-09-28,510,9
2018-12-28,510,9
2019-01-28,509,8
2019-03-29,510,9
2019-04-15,510,9
2019-06-28,510,9
2019-09-24,510,9
2019-09-27,508,7
2019-12-26,508,7
2019-12-27,508,7
2020-01-16,508,7
2020-03-19,508,7
2020-06-26,505,4
2020-07-31,505,4
2020-09-14,505,4
2020-09-25,503,2
2020-11-02,503,2
2020-11-25,502,1
2021-03-31,502,1
2021-04-29,502,1
2021-06-30,502,1
2021-09-30,502,1
2021-10-29,502,1
2022-03-31,503,2
2022-04-07,503,2
2022-04-12,503,2
2022-05-04,503,2
2022-05-31,503,2
2022-08-08,503,2
2022-09-30,503,2
2022-12-30,503,2
2023-02-17,503,2
2023-03-31,502,1
2023-04-28,502,1
2023-07-13,502,1
2023-09-29,502,1
2023-10-26,502,1
2024-03-28,502,1
2024-09-30,502,1
2024-10-10,502,1
2024-10-16,502,1
2025-03-21,502,1
2025-03-28,502,1
2025-04-11,502,1
2025-09-23,502,1
2025-09-30,501,0
2025-12-31,501,0
2026-03-30,501,0
2026-05-12,501,0
2026-07-17,501,0
