year,MEMBER_RECONSTRUCTED,NOT_MEMBER_RECONSTRUCTED,UNCERTAIN_CHAIN,samples,not_member_pct,mean_drift,max_abs_drift
2011,9973,2513,0,12486,20.13,28.45,30
2012,10291,2761,0,13052,21.15,25.19,26
2013,10250,2750,0,13000,21.15,24.22,25
2014,10004,2684,0,12688,21.15,23.91,24
2015,10296,2794,0,13090,21.34,22.74,23
2016,11119,2714,0,13833,19.62,19.23,22
2017,11889,2537,0,14426,17.59,13.73,17
2018,12647,2510,0,15157,16.56,10.09,12
2019,13411,2131,63,15605,13.66,8.31,9
2020,13467,2775,120,16362,16.96,4.8,7
2021,13772,2977,0,16749,17.77,1.0,1
2022,15014,2594,0,17608,14.73,1.76,2
2023,15745,2126,0,17871,11.9,1.25,2
2024,17808,1650,0,19458,8.48,1.0,1
2025,19429,1667,0,21096,7.9,0.75,1
2026,6045,267,0,6312,4.23,0.0,0
