symbol,first_bar,MEMBER_RECONSTRUCTED,NOT_MEMBER_RECONSTRUCTED,UNCERTAIN_CHAIN,touched_by_anomaly
AAVAS,2018-10-08,1860,118,0,0
ABDL,2024-07-02,125,433,0,0
ABLBL,2025-06-23,247,69,0,0
ADANIGREEN,2018-06-18,1923,130,0,0
AEGISLOG,2003-01-27,3902,0,0,0
AEGISVOPAK,2025-06-02,247,84,0,0
AIAENG,2005-12-14,3902,0,0,0
ALKEM,2015-12-23,2478,190,0,0
ANGELONE,2016-01-14,1364,1289,0,0
APOLLOHOSP,2003-01-27,3902,0,0,0
APOLLOTYRE,2003-01-27,3902,0,0,0
APTUS,2021-08-24,1116,150,0,0
ASTERDM,2018-02-26,2044,85,0,0
BALKRISIND,2006-01-27,2726,1176,0,0
BANKBARODA,2003-01-27,3902,0,0,0
CANHLIFE,2025-10-17,125,110,0,0
CARBORUNIV,2003-01-27,3779,123,0,0
CARTRADE,2021-08-20,125,1143,0,0
CCL,2004-05-21,2601,1301,0,0
CHOLAFIN,2003-01-27,3902,0,0,0
CIEINDIA,2007-08-30,3628,274,0,0
CLEAN,2021-07-19,1116,174,0,0
COCHINSHIP,2017-08-11,2143,120,0,0
COFORGE,2004-08-30,3902,0,0,0
CONCOR,2003-01-27,3902,0,0,0
CRAFTSMAN,2021-03-25,867,500,0,0
CRISIL,2003-01-27,3902,0,0,0
DEEPAKFERT,2003-01-27,3154,748,0,0
DOMS,2023-12-20,621,68,0,0
ELECON,2006-09-29,621,3281,0,0
EMCURE,2024-07-10,489,63,0,0
ENRIN,2025-06-19,247,71,0,0
ETERNAL,2021-07-23,1116,171,0,0
FSL,2007-02-22,3902,0,0,0
GPIL,2011-01-03,561,3158,0,0
HAVELLS,2011-01-03,3719,0,0,0
HFCL,2011-01-03,3719,0,0,0
HINDPETRO,2011-01-03,3719,0,0,0
HINDZINC,2011-01-03,3719,0,0,0
HUDCO,2017-05-19,2028,111,0,0
IDBI,2011-01-03,3719,0,0,0
IDEA,2011-01-03,3719,0,0,0
IKS,2024-12-19,189,69,0,0
INOXWIND,2015-04-09,1425,1236,0,0
IRB,2011-01-03,3719,0,0,0
JIOFIN,2023-08-21,438,151,0,0
JSL,2011-01-03,2047,1672,0,0
JSWCEMENT,2025-08-14,2,93,0,0
JSWDULUX,2011-01-03,3719,0,0,0
JSWINFRA,2023-10-03,438,122,0,0
KIRLOSENG,2011-01-03,740,2979,0,0
KOTAKBANK,2011-01-03,3719,0,0,0
KPIL,2011-01-03,3719,0,0,0
KPITTECH,2019-04-22,1420,243,0,0
LALPATHLAB,2015-12-23,2295,190,0,0
LAURUSLABS,2016-12-19,2134,108,0,0
LLOYDSME,2023-07-17,438,175,0,0
LTF,2011-08-12,3565,0,0,0
LTFOODS,2011-01-03,189,3530,0,0
MARUTI,2011-01-03,3719,0,0,0
MEESHO,2025-12-10,0,16,0,0
NAM-INDIA,2017-11-06,2023,0,0,0
NATCOPHARM,2011-01-03,3719,0,0,0
NCC,2011-01-03,3719,0,0,0
NTPCGREEN,2024-11-27,189,85,0,0
OFSS,2011-01-03,3719,0,0,0
PATANJALI,2020-01-27,808,667,0,0
PAYTM,2021-11-18,933,91,0,0
PFOCUS,2011-01-03,0,3719,0,0
PINELABS,2025-11-14,0,34,0,0
POONAWALLA,2011-01-03,1057,2662,0,0
PRESTIGE,2011-01-03,3719,0,0,0
RECLTD,2011-01-03,3719,0,0,0
RRKABEL,2023-09-20,438,130,0,0
SAILIFE,2024-12-18,189,70,0,0
SCHAEFFLER,2011-01-03,3719,0,0,0
SIEMENS,2011-01-03,3719,0,0,0
SIGNATURE,2023-09-27,438,125,0,0
TATACHEM,2011-01-03,1308,2411,0,0
TECHM,2011-01-03,3719,0,0,0
TORNTPOWER,2011-01-03,3719,0,0,0
TRENT,2011-01-03,3719,0,0,0
TRITURBINE,2011-10-28,1673,1659,183,1
TVSMOTOR,2011-01-03,3719,0,0,0
ULTRACEMCO,2011-01-03,3719,0,0,0
UNIONBANK,2011-01-03,3719,0,0,0
UPL,2011-01-03,3719,0,0,0
URBANCO,2025-09-17,0,73,0,0
WELCORP,2011-01-03,3719,0,0,0
ZYDUSLIFE,2011-01-03,3719,0,0,0
